{"cameraMode":{"drawMode":0,"name":"Shaded","section":"Shading Mode"},"sceneLighting":true,"audioPlay":false,"sceneViewState":{"m_AlwaysRefresh":false,"showFog":true,"showSkybox":true,"showFlares":true,"showImageEffects":true,"showParticleSystems":true,"showVisualEffectGraphs":true,"m_FxEnabled":true},"in2DMode":false,"pivot":{"x":14.766340255737305,"y":1.6655256748199463,"z":13.68111515045166},"rotation":{"x":0.20266123116016389,"y":-0.2347169667482376,"z":0.05010518059134483,"w":0.9493713974952698},"size":4.504470348358154,"orthographic":false}